{
  "$schema": "https://schema.tauri.app/config/2",
  "productName": "Gotify Notifier",
  "version": "0.1.0",
  "identifier": "com.gotify.notifier",
  "build": {
    "frontendDist": "../ui",
    "beforeDevCommand": "",
    "beforeBuildCommand": ""
  },
  "app": {
    "windows": [
      {
        "label": "main",
        "title": "🔔 Gotify 通知中心",
        "width": 380,
        "height": 600,
        "minWidth": 320,
        "minHeight": 200,
        "resizable": true,
        "fullscreen": false,
        "center": true,
        "decorations": true,
        "alwaysOnTop": false
      }
    ],
    "security": {
      "csp": null
    },
    "trayIcon": {
      "iconPath": "icons/icon.png",
      "iconAsTemplate": true
    }
  },
  "bundle": {
    "active": true,
    "targets": "all",
    "icon": [
      "icons/32x32.png",
      "icons/128x128.png",
      "icons/128x128@2x.png",
      "icons/icon.icns",
      "icons/icon.ico"
    ]
  },
  "plugins": {}
}
